{"cameraMode":{"drawMode":0,"name":"Shaded","section":"Shading Mode"},"sceneLighting":true,"audioPlay":false,"sceneViewState":{"m_AlwaysRefresh":false,"showFog":true,"showSkybox":true,"showFlares":true,"showImageEffects":true,"showParticleSystems":true,"showVisualEffectGraphs":true,"m_FxEnabled":true},"in2DMode":false,"pivot":{"x":181.79632568359376,"y":5.3227434158325199,"z":111.93917846679688},"rotation":{"x":-0.039392344653606418,"y":0.8916788101196289,"z":-0.4440028667449951,"w":-0.07911286503076554},"size":72.16497802734375,"orthographic":true}